"Time (s)","X (rad/s)","Y (rad/s)","Z (rad/s)"
3.178875020E-3,9.032157250E-4,6.736412179E-4,-2.090125345E-4
1.324887501E-2,-1.405412331E-4,-2.026910195E-3,-8.910519537E-4
2.331887500E-2,-4.185750149E-4,-2.465872094E-4,6.102817133E-5
3.338987503E-2,-2.400742378E-3,-8.283788338E-4,-2.144424245E-3
4.345987501E-2,3.738142550E-5,-1.337841386E-3,5.206011701E-4
5.352987500E-2,1.075454056E-4,4.104366526E-4,4.948652349E-5
6.360087500E-2,7.128822617E-4,-2.164307749E-3,-2.024849644E-3
7.367087502E-2,-1.707275864E-3,-2.963809762E-3,1.625229139E-3
8.374087501E-2,-1.376245171E-3,-2.316730097E-4,3.053664695E-4
9.381187501E-2,-7.554134354E-4,8.274468128E-4,-1.442767913E-3
1.038818750E-1,-6.052111275E-4,-3.779289313E-3,-5.791049916E-4
1.139518750E-1,-1.556986012E-3,-3.361683339E-4,6.783474237E-4
1.240228750E-1,8.238800801E-4,1.350944280E-3,-1.081469469E-3
1.340928750E-1,4.582041875E-4,-6.232538726E-4,2.655243734E-3
1.441628750E-1,1.217737328E-3,-9.273868054E-4,-9.682532400E-4
1.542338750E-1,3.497116268E-5,1.853059512E-4,-4.061805084E-4
1.643038750E-1,2.038157545E-4,-2.007541014E-3,-8.392103482E-4
1.743738750E-1,1.803511754E-3,3.415622283E-3,1.654869295E-3
1.844448750E-1,9.297286160E-4,5.575445946E-3,1.126327552E-4
1.945148750E-1,2.171620727E-4,2.054144861E-3,2.081813291E-4
2.045848750E-1,2.087499946E-3,3.884002799E-3,1.311262604E-3
2.146558750E-1,9.986776859E-4,8.404743858E-4,-1.559150871E-3
2.247258750E-1,-5.739186890E-4,1.100132591E-3,1.479354687E-4
2.347958750E-1,-3.113583662E-4,2.880059183E-4,3.788061207E-3
2.448668750E-1,-2.120177727E-3,-8.702029008E-4,2.074849792E-3
2.549368750E-1,1.726501621E-3,-6.135702133E-4,1.421230962E-3
2.650068750E-1,-5.754968151E-5,-2.167592756E-4,-3.899848089E-4
2.750778750E-1,-1.817008480E-3,-3.531880211E-4,-1.527341083E-3
2.851478750E-1,-3.892877139E-4,1.923281932E-3,4.018691834E-3
2.952178750E-1,-1.021493226E-3,1.560171368E-3,1.534317271E-3
3.052888750E-1,-1.343940385E-4,6.424461026E-4,2.120579593E-4
3.153588750E-1,8.610785007E-4,1.637744834E-3,3.388535697E-4
3.254288750E-1,-2.678353339E-4,1.491004718E-3,1.445663278E-3
3.354998750E-1,5.377917551E-4,-2.263737842E-4,-4.162421450E-3
3.455698750E-1,-5.642245524E-4,-6.602026988E-4,-7.596567273E-3
3.556398750E-1,-1.496640965E-3,-3.409671364E-3,-5.329594947E-3
3.657108750E-1,-1.778434962E-4,4.439225886E-4,-1.697198022E-4
3.757808750E-1,-1.326333266E-3,7.056887262E-5,1.686413307E-3
3.858508750E-1,-1.494823955E-4,-4.396929871E-4,6.757676601E-6
3.959218750E-1,-4.314272664E-4,-1.090277918E-3,-1.459401567E-3
4.059918750E-1,1.040235627E-3,1.134793158E-3,-1.044214703E-3
4.160618750E-1,1.265960746E-4,1.589128398E-3,-3.853583243E-3
4.261328750E-1,-1.838816795E-3,-1.527302666E-3,-5.114323925E-3
4.362028750E-1,-2.971970942E-3,1.521289232E-3,-2.252331469E-4
4.462728750E-1,1.726895571E-4,1.129271928E-3,-1.387969125E-3
4.563438750E-1,-2.310685813E-4,8.425499545E-4,-5.855569616E-4
4.664138750E-1,-1.341295429E-4,3.937941976E-3,-2.975529060E-5
4.764838750E-1,-1.271420158E-3,-1.657650806E-3,-1.504852669E-3
4.865548750E-1,1.030615997E-3,1.305648708E-3,1.052943990E-4
4.966248750E-1,2.188703045E-3,-1.374632120E-3,1.947373617E-3
5.066948750E-1,-2.492335159E-3,1.060562325E-3,-3.354880027E-4
5.167658750E-1,-1.047854777E-3,1.872706227E-3,-1.663518371E-3
5.268358750E-1,7.367292419E-4,7.983869873E-4,1.070216647E-3
5.369058750E-1,-2.720041666E-3,8.095970843E-4,-1.784784254E-4
5.469768750E-1,1.129025128E-3,-1.947307261E-3,4.534898326E-4
5.570468750E-1,1.234573312E-3,2.389121801E-4,-9.360900149E-4
5.671168750E-1,-1.825664658E-3,-1.200792613E-3,-1.063122647E-3
5.771878750E-1,1.685679425E-3,-5.362143274E-4,-9.411559440E-4
5.872578750E-1,1.471713185E-4,-5.167732015E-4,1.163273933E-3
5.973278750E-1,-6.133080460E-4,-4.283403046E-3,-5.033832043E-3
6.073988750E-1,1.197108533E-3,-2.377645345E-3,-4.779766314E-3
6.174688750E-1,-1.673900057E-3,2.563579241E-3,1.760495128E-3
6.275388750E-1,5.668834783E-4,1.748918323E-3,1.665716991E-5
6.376098750E-1,1.241266262E-3,-1.032657456E-3,8.581338916E-4
6.476798750E-1,9.059743024E-4,1.624911092E-3,2.731667599E-3
6.577498750E-1,-1.618633047E-3,-5.199606530E-4,1.302463934E-3
6.678208750E-1,-1.991679892E-4,4.004279617E-4,-1.959908521E-3
6.778908750E-1,6.115795113E-4,-1.652725507E-3,3.397570690E-3
6.879608750E-1,1.114650629E-3,-6.124945357E-4,-2.424377017E-4
6.980318750E-1,-2.351786476E-3,5.289515248E-4,-6.190917920E-4
7.081018750E-1,7.686391473E-4,1.105525880E-3,1.464831759E-3
7.181718750E-1,-4.441291094E-5,-2.239446621E-4,3.253056202E-4
7.282428750E-1,9.649251588E-4,1.071949489E-3,4.651215859E-4
7.383128750E-1,1.294213347E-3,-1.133499434E-3,-2.591547556E-3
7.483828750E-1,-6.501609460E-4,-4.733018577E-4,-7.933808956E-4
7.584538750E-1,-3.056717105E-4,-8.712112904E-4,9.586471133E-4
7.685238750E-1,-5.677267909E-4,-1.721314620E-4,6.353394128E-4
7.785938750E-1,-6.152768619E-4,2.151217544E-3,3.113502171E-4
7.886648750E-1,2.593053505E-4,3.674321342E-4,1.558774849E-3
7.987348750E-1,4.044468515E-4,5.985111929E-4,2.256682375E-3
8.088048750E-1,-2.435003407E-4,-1.644403208E-3,9.948767256E-4
8.188758750E-1,9.648692794E-4,-1.763388515E-3,-4.334510304E-4
8.289458750E-1,4.628635943E-4,4.486517981E-3,7.367418148E-4
8.390168750E-1,-3.534066491E-4,3.252578899E-4,-1.197028905E-5
8.490868750E-1,9.203832597E-4,3.710640594E-4,6.138724275E-4
8.591568750E-1,1.604587771E-3,1.393984770E-3,3.419470042E-3
8.692278750E-1,4.453132860E-4,3.896839917E-5,-1.072749961E-3
8.792978750E-1,1.358624548E-3,1.512772869E-4,-3.182343207E-4
8.893678750E-1,2.082738094E-3,-1.160862157E-3,-9.320927784E-4
8.994388750E-1,3.633987624E-3,-1.367906807E-3,7.222853601E-4
9.095088750E-1,-1.512837131E-3,-2.672056668E-3,-4.825287033E-4
9.195788750E-1,-3.272914328E-4,-1.798624406E-3,2.304287627E-4
9.296488750E-1,3.295939416E-3,-2.606360940E-3,-7.032754365E-4
9.397198750E-1,8.764476515E-4,1.052429317E-3,2.689153655E-3
9.497898750E-1,1.952631399E-3,2.273819409E-4,1.380742644E-3
9.598608750E-1,-4.512653686E-4,-1.674874686E-3,7.728112396E-4
9.699308750E-1,8.166655898E-4,-5.379712675E-4,2.749675652E-3
9.800006250E-1,2.102753147E-3,-1.954126172E-3,-1.906943973E-3
9.900716250E-1,7.111113518E-6,-1.127747353E-3,5.080103874E-4
1.000141625E0,8.240137249E-4,-1.837550662E-4,-7.721977308E-4
1.010211625E0,1.992608886E-3,2.274875296E-3,-3.207919654E-4
1.020282625E0,9.639044292E-4,-1.898224931E-3,1.158212661E-3
1.030352625E0,2.082698047E-3,-1.823501661E-4,4.017648753E-3
1.040422625E0,7.145870477E-4,-5.714700092E-4,-3.750983160E-4
1.050493625E0,-1.034311019E-3,-1.171213808E-3,2.827086486E-3
1.060563625E0,2.578441054E-4,5.153658567E-4,9.721503593E-4
1.070633625E0,2.156677656E-3,-6.865186151E-4,-1.195396530E-3
1.080704625E0,6.940178573E-4,-9.687838610E-4,2.011317993E-3
1.090774625E0,3.417100292E-3,8.316477761E-5,1.844604150E-3
1.100844625E0,-1.387629192E-3,2.318580402E-3,6.473464891E-4
1.110915625E0,2.259036992E-3,8.269438986E-4,1.709947828E-3
1.120985625E0,-7.430687547E-4,-1.069179503E-3,1.848747255E-3
1.131055625E0,3.967639059E-4,4.293811508E-4,-8.240011521E-4
1.141126625E0,3.026546910E-4,4.139337689E-4,1.050768187E-3
1.151196625E0,-1.687792130E-3,4.056779435E-4,-1.973517705E-3
1.161266625E0,8.525094017E-4,-4.587462172E-5,-6.457173731E-4
1.171337625E0,-4.774732515E-4,4.558648216E-4,-8.086091839E-5
1.181407625E0,7.452219725E-4,-1.889367355E-3,1.887290971E-3
1.191477625E0,-4.678480327E-4,-2.459283685E-3,8.731592679E-4
1.201548625E0,-1.462590415E-3,1.474125311E-4,1.478472142E-3
1.211618625E0,-5.190325901E-4,-2.089376561E-3,6.986984517E-4
1.221689625E0,2.277060412E-3,-2.088792855E-3,-1.195134595E-3
1.231759625E0,-2.946730005E-3,2.621273976E-3,6.786654703E-4
1.241829625E0,-3.956216387E-4,1.205911394E-3,1.313926885E-3
1.251900625E0,-6.856396794E-4,-1.994387712E-4,2.068933100E-3
1.261970625E0,-8.582947776E-4,-8.192260284E-4,8.274281863E-4
1.272040625E0,1.417376101E-3,-7.792785764E-4,-1.067677280E-3
1.282111625E0,-9.971158579E-4,-3.779733088E-4,3.678970970E-4
1.292181625E0,1.648201607E-3,-1.018463401E-3,-4.632754717E-4
1.302251625E0,-8.022664115E-4,-3.524306696E-3,-6.332697812E-4
1.312322625E0,7.391348481E-5,1.160460059E-3,-1.118229702E-4
1.322392625E0,7.204851136E-4,7.207881426E-4,3.019814147E-3
1.332462625E0,7.471167482E-4,4.145245766E-4,-4.899657797E-4
1.342533625E0,6.330292672E-4,-7.078915369E-4,1.522213686E-3
1.352603625E0,1.302015036E-3,-1.535069430E-3,-1.049867366E-3
1.362674625E0,9.194319136E-4,-1.088417135E-3,2.074411605E-4
1.372744625E0,-2.542231232E-4,-5.155713297E-4,1.570979715E-3
1.382814625E0,9.750593454E-4,-1.741488231E-3,-4.289746284E-4
1.392885625E0,-5.983365700E-4,1.504638931E-3,-9.616068564E-4
1.402955625E0,-8.528484032E-4,-1.631029649E-3,4.235261120E-3
1.413025625E0,1.141592860E-3,-2.059722319E-4,1.910588006E-3
1.423096625E0,-1.337289810E-3,-4.367530346E-5,-2.448575106E-4
1.433166625E0,2.582101151E-4,-1.119592227E-3,3.027901053E-3
1.443236625E0,4.814299755E-4,3.490786301E-3,-1.531418413E-3
1.453307625E0,7.581324317E-4,-1.593423076E-4,3.058966249E-4
1.463377625E0,1.229274087E-3,1.595562906E-3,5.972629879E-4
1.473447625E0,1.879776828E-4,-1.988750882E-4,4.803503398E-4
1.483518625E0,6.439317949E-4,-1.093463041E-3,1.399526256E-3
1.493588625E0,1.375235617E-3,-9.560440667E-4,1.399526256E-3
1.503659625E0,-6.401645951E-4,-3.077967791E-3,1.949973637E-3
1.513729625E0,2.555362415E-3,-9.911146481E-4,4.631308839E-4
1.523799625E0,1.250677276E-3,1.693918020E-3,1.224218169E-3
1.533870625E0,3.898658324E-3,2.310436685E-4,-1.611515647E-3
1.543940625E0,-7.135560736E-4,-8.042762056E-4,4.136636853E-4
1.554010625E0,-5.558971316E-4,-7.584698033E-4,1.168137183E-3
1.564081625E0,-1.242920291E-3,2.495518653E-3,-2.597291023E-3
1.574151625E0,-2.429033630E-4,2.131198067E-3,-2.006602008E-3
1.584222625E0,-2.741420642E-3,-1.268589403E-3,1.585060148E-3
1.594292625E0,-1.637806650E-3,3.493408673E-3,-2.079981845E-3
1.604362625E0,-2.179198433E-3,-1.451427117E-3,-2.237258013E-4
1.614433625E0,-8.984841406E-4,1.754219877E-3,-9.089573286E-4
1.624503625E0,6.870431826E-4,1.476737438E-3,-1.082160743E-3
1.634573625E0,-6.195036694E-4,-1.217316370E-3,1.787661575E-3
1.644644625E0,-8.363579400E-4,2.720913617E-3,-1.108348835E-3
1.654714625E0,8.060135879E-4,5.973089719E-4,-2.675887663E-4
1.664785625E0,-1.881918404E-3,1.206860063E-3,-8.920212276E-4
1.674855625E0,-5.242386833E-4,3.658566158E-3,2.581806155E-3
1.684925625E0,3.271540627E-4,1.228756504E-3,4.516565241E-5
1.694996625E0,1.204926521E-4,8.762348443E-6,-8.842775133E-4
1.705066625E0,-4.454995506E-4,1.811963506E-3,-9.988658130E-4
1.715136625E0,-2.527292352E-3,1.574143302E-3,-1.913395245E-3
1.725207625E0,-2.640024759E-3,2.225833014E-3,1.034969813E-3
1.735277625E0,5.115601234E-4,1.179743325E-3,3.047254402E-3
1.745348625E0,-2.525378950E-3,1.723594731E-3,-8.211925160E-4
1.755418625E0,2.135952003E-3,2.219208982E-3,6.976083387E-4
1.765488625E0,-1.531447750E-3,-4.221347626E-4,7.358680014E-4
1.775559625E0,-1.764740795E-3,-6.500491872E-5,1.251722337E-3
1.785629625E0,7.671541534E-4,-7.008318789E-5,2.034825739E-3
1.795699625E0,-2.156996634E-3,-1.118835993E-3,4.478481133E-4
1.805770625E0,-2.541998867E-3,-4.668352194E-4,4.735558759E-4
1.815840625E0,-9.981640615E-4,-1.131560188E-3,9.667733684E-4
1.825911625E0,-5.483627319E-6,-2.859057859E-4,1.965388656E-3
1.835981625E0,2.539699432E-3,2.701622434E-4,1.230089809E-3
1.846051625E0,-5.890061148E-4,-2.908478491E-3,4.749991931E-4
1.856122625E0,-4.037000705E-3,3.368495964E-4,1.704048016E-3
1.866192625E0,1.168596558E-3,-1.322553260E-3,7.018984761E-4
1.876262625E0,9.081391618E-4,-6.740735844E-4,-1.106387703E-3
1.886333625E0,1.562769059E-3,-1.799104968E-3,-8.760790806E-4
1.896403625E0,2.279691864E-3,4.925451940E-4,1.281613950E-3
1.906474625E0,-2.381429076E-4,7.813868579E-4,2.195768291E-3
1.916544625E0,-5.212365650E-4,8.736713789E-5,8.316972526E-4
1.926614625E0,-2.249774057E-3,1.834234921E-3,-7.127649151E-4
1.936685625E0,-2.902201377E-4,1.097870991E-3,-2.953548683E-3
1.946755625E0,9.127524681E-4,-1.936726272E-3,7.155840285E-4
1.956826625E0,-1.258789096E-3,-3.268453293E-4,1.091160811E-5
1.966896625E0,-3.282516263E-4,-1.340441639E-3,-2.140131779E-3
1.976966625E0,1.244078390E-3,1.519793412E-3,2.407343127E-4
1.987038000E0,-1.699058339E-5,6.966956425E-4,2.088384237E-3
1.997108000E0,9.433450177E-4,-2.110275906E-3,-9.060741868E-4
2.007179000E0,-2.979538403E-3,1.720044995E-3,5.936452653E-4
2.017249000E0,-1.335302833E-3,-8.397854399E-4,-5.962550640E-4
2.027319000E0,-1.472792123E-3,-1.197357196E-3,-2.381567843E-3
2.037390000E0,-1.444296446E-3,2.756371628E-3,-7.128310390E-4
2.047460000E0,-1.663575415E-3,-1.852830406E-3,1.955667278E-3
2.057531000E0,1.676028594E-3,1.872665831E-3,-5.809937138E-4
2.067601000E0,1.264125109E-3,-3.525963984E-4,4.247776233E-4
2.077671000E0,2.164370380E-4,-1.127576455E-3,3.776396625E-4
2.087742000E0,-6.319642998E-4,-7.487533148E-4,4.204111174E-4
2.097812000E0,-1.362203155E-3,-4.960193764E-4,-4.794711713E-4
2.107882000E0,1.378595829E-3,2.781936200E-3,9.022175800E-4
2.117953000E0,-8.512693457E-4,-2.282330999E-3,-1.368925907E-3
2.128023000E0,-4.815268330E-4,-2.197396941E-3,1.209963113E-3
2.138094000E0,-1.120951958E-3,1.827970962E-3,1.025938662E-3
2.148164000E0,2.021364868E-3,-1.395002007E-3,1.953412779E-3
2.158234000E0,9.608943947E-4,1.750723808E-3,7.352828979E-4
2.168305000E0,2.048365772E-3,3.436959349E-3,1.132277772E-3
2.178375000E0,1.726655290E-3,-2.592420205E-4,-8.424562402E-4
2.188446000E0,1.562121790E-3,-1.095970860E-3,3.698072396E-5
2.198516000E0,1.975444611E-3,-2.944737207E-3,2.713723807E-3
2.208587000E0,-1.614568755E-4,-3.129104618E-3,5.210167728E-5
2.218657000E0,6.785038859E-4,-9.234747849E-4,9.996544104E-4
2.228727000E0,1.699181739E-3,5.224107299E-4,2.921225037E-3
2.238798000E0,-1.596746501E-3,-8.704224601E-4,-6.923847832E-5
2.248868000E0,-2.534613013E-4,-7.630418986E-5,-3.848131746E-5
2.258939000E0,-1.008622348E-4,9.600236081E-5,-6.866946351E-4
2.269009000E0,5.332068540E-4,3.441259265E-3,-1.744324574E-3
2.279079000E0,-7.419143803E-4,2.882528119E-3,1.255193609E-3
2.289150000E0,1.648999751E-5,-3.676256165E-5,-8.854588959E-4
2.299220000E0,-1.858108677E-3,2.458885545E-3,6.487881765E-4
2.309291000E0,2.828859724E-4,3.993649036E-3,2.447044477E-3
2.319361000E0,1.637636684E-3,3.266073298E-3,4.944147076E-4
2.329431000E0,1.361837611E-3,1.491910662E-3,7.618116215E-4
2.339502000E0,2.984371968E-4,6.796466187E-4,-4.512583837E-4
2.349572000E0,-1.217647456E-3,-1.097559463E-3,1.950790640E-3
2.359643000E0,-1.536427997E-3,4.822276533E-4,4.975036718E-4
2.369713000E0,9.273267351E-4,-1.594975591E-3,3.071827581E-3
2.379783000E0,2.186469268E-3,-8.719272446E-4,-4.800304305E-4
2.389854000E0,1.174211502E-4,3.764480352E-4,-6.686667912E-4
2.399924000E0,-1.883944497E-3,-9.138535243E-4,-5.509550683E-4
2.409995000E0,6.824503653E-4,8.740331978E-4,2.094464377E-3
2.420065000E0,1.546116546E-4,-1.447177958E-3,4.670065828E-4
2.430135000E0,9.095882997E-4,-6.306869909E-5,8.872414473E-4
2.440206000E0,-7.671378553E-4,-4.551294260E-3,1.585788676E-3
2.450276000E0,-1.511369832E-3,-6.269846577E-3,-2.523614094E-4
2.460347000E0,-9.390562773E-4,-5.169428419E-3,8.685630746E-4
2.470417000E0,-3.718191758E-3,-4.565219395E-3,3.035909031E-4
2.480488000E0,-3.088087775E-3,-2.863992006E-3,3.090464324E-2
2.490558000E0,-6.591668352E-5,3.367233090E-3,5.608575046E-2
2.500628000E0,3.314966802E-3,2.679338679E-3,1.021568403E-1
2.510699000E0,4.312619101E-3,-1.438571373E-3,1.115489677E-1
2.520769000E0,3.184504341E-3,1.465073205E-3,8.883752674E-2
2.530840000E0,1.549107023E-3,6.022204645E-3,1.124692410E-1
2.540910000E0,5.039178766E-3,6.464555860E-3,9.930443764E-2
2.550980000E0,-1.918831840E-4,-5.510698538E-4,5.641157180E-2
2.561051000E0,3.726692405E-3,6.727881730E-3,7.575588766E-3
2.571121000E0,3.238521516E-3,8.556572720E-5,6.074623205E-3
2.581192000E0,1.761266030E-3,9.178662673E-3,2.393804118E-2
2.591262000E0,-1.212570816E-3,-4.328561481E-4,-8.545788936E-3
2.601333000E0,5.300456192E-3,1.836852916E-2,-8.960682154E-2
2.611403000E0,-1.550144516E-4,5.470402539E-3,-1.484743208E-1
2.621473000E0,6.015529390E-3,3.059732728E-2,-1.770292670E-1
2.631544000E0,3.869401291E-3,2.382025309E-2,-2.584601343E-1
2.641614000E0,-1.355432998E-2,-2.868450060E-2,-2.146969438E-1
2.651685000E0,-8.594116196E-3,4.917998798E-3,-1.027286351E-1
2.661755000E0,-6.250800565E-3,-3.251592815E-2,-6.290425360E-2
2.671825000E0,-1.261187345E-2,-4.953579232E-2,-3.632944450E-2
2.681896000E0,-1.735443063E-2,-3.297252953E-2,-1.241876557E-1
2.691966000E0,-8.351350203E-3,-6.008247845E-3,-1.978498995E-1
2.702037000E0,4.352172837E-4,7.145637646E-3,-2.275332212E-1
2.712107000E0,6.047639530E-3,-1.848748885E-2,-2.341948897E-1
2.722178000E0,1.167929266E-3,8.143021259E-4,-1.824827045E-1
2.732248000E0,-4.788611550E-3,-4.633456469E-3,-8.066612482E-2
2.742318000E0,-1.078397036E-4,-5.266622826E-2,3.072804026E-2
2.752389000E0,-1.013029926E-2,2.953026071E-2,1.459861547E-1
2.762459000E0,-3.251203895E-2,-5.991680175E-2,2.944571078E-1
2.772530000E0,-1.474072784E-2,-3.484413028E-2,3.640695810E-1
2.782600000E0,9.098709561E-4,-7.236567140E-2,3.631228209E-1
2.792671000E0,1.329136081E-2,-1.534316037E-2,3.201314807E-1
2.802741000E0,9.670527652E-3,5.355654657E-2,1.893430948E-1
2.812811000E0,2.677429654E-2,1.107417569E-1,1.238305867E-1
2.822882000E0,2.169671468E-2,-1.472397940E-3,1.035404950E-1
2.832952000E0,9.928490035E-4,4.658374563E-2,6.173229218E-2
2.843023000E0,5.032331217E-3,5.064986274E-2,1.250081956E-1
2.853093000E0,-2.073478140E-2,-2.801612020E-2,7.328920066E-2
2.863164000E0,-4.893234000E-3,-3.497682512E-2,1.346513480E-1
2.873234000E0,-1.040582731E-2,-2.094516531E-2,9.930500388E-2
2.883304000E0,1.032342017E-2,-1.744736917E-2,6.803923100E-2
2.893375000E0,-6.802379154E-3,9.155322798E-3,-1.250862479E-1
2.903445000E0,-1.843799651E-2,-1.292132139E-1,-2.383283824E-1
2.913516000E0,-3.284079209E-2,-7.475004345E-2,-3.677949607E-1
2.923586000E0,-4.645220563E-2,-9.388219565E-2,-3.580288887E-1
2.933657000E0,-3.707445413E-2,-4.359609634E-2,-3.023273647E-1
2.943727000E0,-2.930308320E-2,-3.104302101E-2,-3.234630227E-1
2.953797000E0,-8.383876830E-2,-8.545704931E-2,-2.651640177E-1
2.963868000E0,-2.272321470E-2,-4.186083376E-2,-2.813075781E-1
2.973938000E0,-3.210176155E-2,-1.109047458E-1,-3.133506179E-1
2.984009167E0,-5.368907750E-2,-9.188684076E-2,-1.993183196E-1
2.994079167E0,-4.436699301E-2,-5.501072481E-2,-1.179495528E-1
3.004150167E0,-3.597936407E-2,-1.004407853E-1,-7.877418399E-2
3.014220167E0,-2.512432076E-2,-4.947321117E-2,1.210086327E-2
3.024291167E0,-5.922210217E-2,-1.184123307E-1,1.438554227E-1
3.034361167E0,-2.751937695E-2,-9.640488029E-2,2.953544557E-1
3.044431167E0,-9.156227112E-2,-1.839672178E-1,4.599226415E-1
3.054502167E0,-1.235856861E-1,-2.932296991E-1,6.271921396E-1
3.064572167E0,-8.251894265E-2,-2.146129310E-1,6.724315286E-1
3.074643167E0,-3.860827535E-2,-1.281884462E-1,6.879551411E-1
3.084713167E0,1.480021514E-3,-2.923789434E-2,8.506929278E-1
3.094784167E0,1.095219329E-2,8.478290401E-3,7.509565353E-1
3.104854167E0,2.217741683E-2,-3.481166670E-3,4.110610485E-1
3.114924167E0,2.147898823E-2,-2.948166616E-2,1.384407729E-1
3.124995167E0,8.354663849E-3,-3.855239600E-2,2.490953803E-1
3.135065167E0,-3.308613598E-2,-8.538366854E-2,2.544678748E-1
3.145136167E0,6.326543540E-2,2.472201139E-1,1.962484866E-1
3.155206167E0,-4.359150678E-2,-1.511415690E-1,1.989172548E-1
3.165277167E0,7.948036492E-2,1.092993394E-1,1.771371216E-1
3.175347167E0,-6.253936887E-2,-1.266203225E-1,-1.898125745E-2
3.185418167E0,9.051198140E-4,6.944799423E-2,-1.608459949E-1
3.195488167E0,-2.506169118E-2,1.165292878E-2,-2.675850093E-1
3.205558167E0,-3.584110364E-2,-2.438842878E-2,-2.868628204E-1
3.215629167E0,5.102990195E-3,7.014190778E-3,-2.949062586E-1
3.225699167E0,-5.791432410E-2,-2.451923490E-2,-2.848418951E-1
3.235770167E0,-9.057606570E-3,3.585273400E-2,-3.281266391E-1
3.245840167E0,7.762385998E-3,4.252555221E-2,-4.095264375E-1
3.255911167E0,-4.008404538E-2,-5.117177218E-2,-4.811960459E-1
3.265981167E0,1.854304783E-2,5.350111052E-2,-4.400978982E-1
3.276052167E0,-7.705024444E-3,2.402614243E-2,-4.880240262E-1
3.286122167E0,1.146068051E-2,3.998566791E-2,-4.996146560E-1
3.296192167E0,-1.027942821E-2,8.077591658E-3,-5.673676133E-1
3.306263167E0,-1.778085250E-3,5.311803892E-2,-5.670853257E-1
3.316333167E0,2.283389494E-2,1.033165753E-1,-4.658571780E-1
3.326404167E0,-7.226001937E-3,2.381802164E-2,-3.731610477E-1
3.336474167E0,7.156378031E-2,1.791937500E-1,-2.667111158E-1
3.346545167E0,7.534679770E-2,1.897486597E-1,-1.943823248E-1
3.356615167E0,-1.215576753E-1,-2.692988515E-1,-1.004649252E-1
3.366686167E0,2.080106735E-2,6.242184713E-2,-3.028104454E-2
3.376756167E0,3.588090837E-2,6.015566364E-2,-5.581662059E-2
3.386826167E0,-3.251439333E-2,-5.593498796E-2,-3.224151582E-2
3.396897167E0,5.322280806E-3,4.640002921E-2,5.928304046E-2
3.406967167E0,1.907084882E-2,-2.241818421E-2,2.021557689E-1
3.417038167E0,3.002616018E-2,5.430005025E-3,3.462352753E-1
3.427108167E0,3.514368832E-2,1.330470573E-2,3.783042729E-1
3.437179167E0,-1.528865192E-3,-2.305457368E-2,3.212579191E-1
3.447249167E0,-2.191935852E-2,-5.618109927E-2,2.045765817E-1
3.457320167E0,-1.245161891E-2,1.371108741E-2,1.232248545E-1
3.467390167E0,5.334302317E-3,2.631889656E-4,1.521925777E-1
3.477461167E0,-1.834584400E-2,1.305553038E-2,1.481562257E-1
3.487531167E0,-1.605712250E-2,-3.515354544E-2,1.373435259E-1
3.497601167E0,5.165687762E-4,-2.611095086E-2,1.633395553E-1
3.507672167E0,2.456837520E-2,3.028574586E-2,1.197326928E-1
3.517742167E0,3.751146421E-2,3.211849928E-2,9.901791066E-2
3.527813167E0,1.145482715E-2,-7.759673521E-3,9.997585416E-2
3.537883167E0,1.418102533E-2,-1.324298698E-2,5.151487142E-2
3.547954167E0,1.408408582E-2,4.074483644E-3,4.911030456E-2
3.558024167E0,-1.087714639E-2,2.998474985E-2,3.014259413E-2
3.568095167E0,2.002644166E-2,1.642153412E-2,-2.479469031E-2
3.578165167E0,5.680545419E-2,-1.171943732E-3,-6.609058380E-2
3.588236167E0,7.895859890E-4,8.935529739E-2,-8.543737978E-2
3.598306167E0,5.857137032E-3,4.466180690E-3,-7.336689532E-2
3.608376167E0,1.895520836E-5,2.498024330E-2,-3.515639156E-2
3.618447167E0,-2.646882553E-3,6.027286872E-6,-3.254620824E-4
3.628517167E0,2.806921862E-2,4.018966481E-2,1.299886592E-2
3.638588167E0,6.614208687E-3,4.002021626E-2,-8.267192543E-2
3.648658167E0,-7.239022758E-3,1.930886996E-3,-1.481020749E-1
3.658729167E0,-1.288581360E-2,-1.230952516E-2,-1.514898539E-1
3.668799167E0,1.067384146E-2,5.044227093E-2,-1.117688119E-1
3.678870167E0,-1.023867540E-2,1.201384119E-3,-1.288821399E-1
3.688940167E0,8.287604898E-3,2.283823676E-2,-1.367379278E-1
3.699011167E0,9.155647829E-3,2.825473249E-2,-1.501412690E-1
3.709081167E0,7.755356375E-3,1.809690334E-2,-1.370427758E-1
3.719152167E0,1.087769959E-2,3.473759443E-2,-1.259702891E-1
3.729222167E0,-2.292164136E-3,-5.113414954E-3,-9.621345997E-2
3.739292167E0,-4.947417881E-3,-1.109490870E-3,-6.557402760E-2
3.749363167E0,-1.687518321E-2,-3.315744177E-2,-4.840808734E-2
3.759433167E0,-9.075932205E-3,-2.287217975E-2,-1.443464682E-2
3.769504167E0,-4.895834718E-3,-9.822958149E-3,-4.710379988E-3
3.779574167E0,3.245221917E-3,3.783234628E-3,-4.903410561E-3
3.789645167E0,8.690854535E-3,1.516425330E-2,-1.610411564E-3
3.799715167E0,1.121798903E-2,2.242451161E-2,6.947600283E-3
3.809786167E0,6.746541243E-3,1.599510945E-2,1.097350195E-2
3.819856167E0,5.223019514E-3,1.037322450E-2,1.310718432E-2
3.829927167E0,3.846697975E-3,8.687177673E-3,1.613599621E-2
3.839997167E0,6.146132946E-4,7.800295949E-3,1.583909616E-2
3.850068167E0,2.006647643E-3,2.641486237E-3,1.684736833E-2
3.860138167E0,1.902299467E-3,9.864537278E-4,1.332200225E-2
3.870209167E0,3.899137024E-3,1.108595915E-2,1.256779581E-2
3.880279167E0,8.985174820E-3,1.746579073E-2,8.537750691E-3
3.890350167E0,1.049758494E-2,2.243098989E-2,3.793595359E-3
3.900420167E0,1.067304611E-2,1.674004644E-2,3.968644422E-3
3.910490167E0,2.346138936E-3,7.744686678E-3,2.157961251E-3
3.920561167E0,3.173185047E-3,7.540153805E-3,3.606090788E-3
3.930631167E0,1.507377718E-3,4.508944228E-3,1.828164328E-3
3.940702167E0,1.816968899E-3,3.408261575E-3,-2.329997951E-3
3.950772167E0,2.386086155E-3,1.136052539E-3,-2.715623705E-3
3.960843167E0,4.812413827E-4,8.087540045E-3,-2.795246430E-3
3.970913167E0,2.801653929E-3,8.455055766E-3,-7.560706697E-3
3.980984167E0,2.457301598E-3,3.127635224E-3,-7.203132845E-4
3.991054167E0,2.200040501E-3,3.159060609E-3,2.823667601E-4
4.001125167E0,4.120669328E-4,1.350289211E-3,-1.776298974E-3
4.011195167E0,-6.518661976E-4,1.722332789E-3,1.885281410E-3
4.021266167E0,-2.384226769E-3,3.685289063E-3,-9.099426679E-4
4.031336167E0,6.282764487E-3,8.012393489E-3,-1.124327304E-3
4.041407167E0,5.794110242E-3,1.278719772E-2,-3.111520782E-4
4.051477167E0,2.484067809E-3,8.176466450E-3,-6.861251313E-4
4.061548167E0,3.226302564E-3,1.148632914E-2,2.870764583E-4
4.071618167E0,4.883063957E-4,-2.713379916E-3,-6.419443525E-5
4.081689167E0,-2.815015614E-5,-3.045495367E-3,7.453833241E-4
4.091759167E0,1.680533867E-3,-3.148026997E-3,-2.052533906E-3
4.101829167E0,8.780555800E-5,-1.277889591E-3,-4.889233969E-4
4.111900167E0,1.920858864E-3,3.223917913E-3,-9.616345633E-4
4.121970167E0,-3.188270843E-3,2.878328785E-3,-2.525199670E-4
4.132041167E0,-8.082040586E-4,3.647183534E-3,1.954441424E-3
4.142111167E0,3.277207259E-3,4.169461317E-4,2.945787273E-4
4.152182167E0,1.405537594E-3,8.630256634E-4,-5.328655243E-4
4.162252167E0,5.480778404E-3,6.228274200E-3,2.258084714E-3
4.172323167E0,2.829601988E-3,7.891684771E-3,3.611149732E-4
4.182393167E0,1.447891351E-3,1.630891114E-3,2.765540266E-3
4.192464167E0,6.295018829E-4,5.035750801E-4,2.380180871E-3
4.202534167E0,-8.346191607E-4,-6.061766297E-3,-3.458582796E-4
4.212605167E0,-1.910269726E-3,-3.672378138E-3,4.147427157E-3
4.222675167E0,-1.400770620E-3,-8.614116348E-3,-1.374791609E-3
4.232746167E0,-7.972982712E-4,-2.424930222E-3,2.169342944E-3
4.242816167E0,9.059440345E-4,4.059465602E-3,1.971855294E-3
4.252887167E0,1.430054195E-3,4.692765418E-3,3.623281373E-3
4.262957167E0,1.441529021E-4,2.966295462E-3,1.806984423E-3
4.273028167E0,6.616050377E-4,8.786433609E-4,6.927177310E-4
4.283098167E0,7.932204753E-4,2.317449311E-3,2.150862943E-3
4.293169167E0,-4.720473662E-4,-3.317533294E-3,-6.781658158E-5
4.303239167E0,2.147382591E-3,4.446746781E-3,2.399808727E-5
4.313310167E0,4.315078259E-4,2.559630666E-3,-9.901337326E-4
4.323380167E0,1.252938528E-3,2.599140396E-3,-1.205579843E-3
4.333451167E0,-3.436268307E-4,1.346655656E-3,5.489105824E-4
4.343521167E0,-6.590667181E-4,7.033126429E-3,3.488217480E-4
4.353592167E0,3.975365777E-3,5.790228955E-3,1.636460074E-3
4.363662167E0,-1.842253841E-4,7.962569594E-3,2.248454606E-3
4.373732167E0,4.057923798E-3,1.270844834E-3,2.242861781E-3
4.383803167E0,2.734973095E-3,-1.100632129E-3,2.045473084E-4
4.393873167E0,-2.347175032E-4,-1.080392161E-3,7.198690437E-4
4.403944167E0,2.431706525E-4,-4.486457445E-3,-7.259517442E-4
4.414014167E0,1.473284326E-3,-2.674709074E-3,1.399250817E-3
4.424085167E0,-2.806395525E-3,-2.807430457E-3,3.969301470E-4
4.434155167E0,-9.336606599E-4,-1.514466014E-3,-7.026891690E-4
4.444226167E0,-1.518116333E-4,-1.032925909E-3,-1.604780555E-4
4.454296167E0,-1.065377146E-4,-1.234563533E-4,7.625734434E-4
4.464367167E0,3.459547646E-3,2.668555826E-4,-1.546704443E-3
4.474437167E0,2.696132287E-4,3.348931903E-3,2.941787010E-3
4.484508167E0,-3.750715405E-5,1.657625427E-3,-2.069423441E-3
4.494578167E0,-1.794394571E-3,-3.090258222E-3,-6.233269814E-4
4.504649167E0,-2.109981142E-3,-3.189109266E-3,-2.324485686E-4
4.514719167E0,-9.887907654E-4,-4.375813995E-3,-9.871884249E-4
4.524790167E0,-1.197456382E-3,-3.367313184E-3,-3.024878912E-3
4.534860167E0,1.645467710E-3,1.785104629E-3,3.485470079E-4
4.544931167E0,2.357811667E-3,1.445947681E-3,-2.168535953E-3
4.555001167E0,7.524583489E-4,4.263838287E-3,-7.156305946E-5
4.565072167E0,2.575428225E-3,8.988776244E-5,-1.150564058E-3
4.575142167E0,-2.155677415E-3,-1.839305973E-3,-2.486139303E-3
4.585213167E0,1.039952505E-3,-2.122923033E-3,-8.994350210E-4
4.595283167E0,1.840498764E-3,-1.958606066E-3,-2.501060255E-3
4.605354167E0,1.135382336E-3,2.120455028E-3,-3.287249478E-3
4.615424167E0,5.398993380E-4,1.321240328E-3,-3.057950875E-3
4.625495167E0,9.345985018E-4,-1.448547933E-3,5.537597463E-5
4.635565167E0,-9.431964718E-4,-3.411564045E-3,3.237587167E-3
4.645636167E0,1.057405956E-3,4.212786444E-4,-2.720810007E-4
4.655706167E0,-6.744475104E-4,1.395163126E-4,-1.423897920E-3
4.665777167E0,6.044721231E-4,2.787762787E-3,1.450335607E-3
4.675847167E0,9.038113058E-4,9.248816641E-4,-3.123909701E-3
4.685918167E0,-5.268007517E-4,-2.132628579E-3,1.469428302E-3
4.695988167E0,3.036242444E-3,7.401230978E-4,9.644929087E-4
4.706059167E0,3.506412730E-3,2.605543239E-3,2.076376695E-4
4.716129167E0,1.156172715E-3,1.697405358E-3,1.193007221E-3
4.726200167E0,2.312695142E-3,-6.223751698E-4,2.338988706E-3
4.736270167E0,-6.205108948E-4,-1.885246253E-3,1.834263094E-4
4.746341167E0,-3.048200160E-4,-5.441836547E-3,-2.071922645E-4
4.756411167E0,1.569720916E-4,-5.208277609E-3,1.042363001E-3
4.766482167E0,-1.601312310E-3,-3.195600584E-3,-5.754423328E-4
4.776552167E0,-8.304417133E-5,-4.076574463E-3,1.239038538E-4
4.786623167E0,1.390560996E-3,1.100755762E-4,2.833982697E-3
4.796693167E0,-1.743979286E-3,-1.554133836E-3,1.015310059E-3
4.806764167E0,1.003696583E-3,-4.449223168E-3,3.650095314E-4
4.816834167E0,-4.365406930E-4,-4.371192306E-3,2.765927929E-4
4.826905167E0,-7.999874651E-5,-8.561569266E-4,1.298005227E-3
4.836975167E0,-3.567012027E-4,-4.354485311E-3,1.879373332E-3
4.847046167E0,-2.445746679E-3,-1.686275471E-3,8.627972566E-4
4.857116167E0,-2.206061967E-3,-5.616226699E-4,6.382926367E-4
4.867187167E0,3.740149550E-3,2.281842520E-3,2.294470090E-3
4.877257167E0,-2.236990258E-4,2.751357853E-3,-7.133041508E-4
4.887328167E0,2.764456440E-3,1.993121114E-4,4.329881631E-4
4.897398167E0,6.981096230E-4,-3.214594210E-3,-9.065817576E-4
4.907469167E0,-1.526729204E-3,-7.152680773E-4,-1.386131160E-3
4.917539167E0,9.231125005E-4,-1.530727837E-3,2.013791818E-4
4.927610167E0,-9.855749086E-4,-1.309704967E-4,1.108315773E-4
4.937680167E0,-1.011141576E-3,-7.885049563E-4,-2.652066760E-4
4.947751167E0,9.796754457E-4,7.202209672E-4,1.625372912E-3
4.957821167E0,-7.814727724E-4,1.404387061E-3,-6.380476989E-4
4.967892167E0,7.834830321E-4,1.284354948E-3,1.250267960E-4
4.977962167E0,2.704155166E-3,1.148267416E-3,7.455432788E-4
4.988032750E0,1.226156950E-3,9.719246300E-4,2.866398077E-3
4.998102750E0,1.217901707E-3,-1.298420131E-3,-4.681460559E-4
5.008173750E0,3.799241967E-4,-1.624294324E-3,-1.192822354E-3
5.018243750E0,-6.073098630E-4,-6.674206816E-4,-9.581977502E-4
5.028314750E0,-1.672762446E-3,6.774832727E-4,3.098411020E-3
5.038384750E0,3.610933200E-4,-1.962508075E-3,1.926886383E-3
5.048455750E0,-2.537180670E-3,-1.727597555E-3,5.269539542E-5
5.058525750E0,-1.932110637E-3,-2.467690269E-3,3.477520542E-3
5.068596750E0,-1.968629658E-5,1.470046118E-5,2.251145896E-3
5.078666750E0,1.789132599E-3,7.052581059E-4,3.850108013E-3
5.088737750E0,2.005357761E-3,1.395012485E-3,3.917546943E-3
5.098807750E0,-4.021399654E-4,4.814777523E-3,1.726564136E-3
5.108878750E0,3.898758441E-4,1.115557854E-3,2.699028933E-3
5.118948750E0,-2.203244250E-3,-8.229571395E-4,2.406880260E-3
5.129019750E0,-1.988092903E-3,1.378112589E-3,4.028113559E-3
5.139089750E0,2.078553662E-3,-3.185746493E-3,1.795794815E-4
5.149160750E0,-2.670849208E-3,1.805142267E-3,2.813730389E-4
5.159230750E0,5.835336633E-4,-1.817023382E-3,-1.370511018E-5
5.169301750E0,-2.601208165E-3,-1.952764578E-3,-8.361528162E-4
5.179371750E0,-1.839810051E-3,-5.457484163E-3,1.260021236E-3
5.189442750E0,5.557597615E-4,7.971746381E-4,1.691286569E-3
5.199512750E0,7.573612966E-4,9.263379034E-4,-1.675215550E-3
5.209583750E0,2.563541289E-3,2.365059918E-3,2.139943186E-3
5.219653750E0,1.414387021E-3,3.126723925E-3,-1.424165443E-3
5.229724750E0,5.754791200E-4,1.248802757E-3,7.811181713E-4
5.239794750E0,1.035140362E-3,2.627787646E-3,5.289167166E-4
5.249865750E0,-3.364049830E-3,1.259190380E-3,-4.139035009E-4
5.259935750E0,1.146546565E-3,3.455499420E-3,2.119394485E-4
5.270006750E0,4.469894804E-3,6.389291957E-3,1.677071676E-3
5.280076750E0,2.453614958E-3,6.267585326E-3,-2.281184774E-3
5.290147750E0,8.298186585E-4,3.390535247E-3,2.764485078E-3
5.300217750E0,2.071650233E-3,4.165515304E-3,3.552248236E-3
5.310288750E0,5.196789280E-4,3.801654093E-3,6.300508976E-4
5.320358750E0,2.955938689E-3,2.728933003E-3,2.200250514E-3
5.330429750E0,-1.722020097E-3,5.082213320E-3,4.893385340E-4
5.340499750E0,1.944087446E-3,-5.807327107E-4,-1.051033847E-3
5.350570750E0,1.331900712E-3,-9.254436009E-5,2.031696960E-3
5.360640750E0,9.308285080E-4,3.311241744E-3,1.645272365E-3
5.370711750E0,9.486125782E-4,1.342812320E-3,6.620748900E-4
5.380781750E0,1.762741245E-3,-8.891830221E-4,1.833599526E-3
5.390852750E0,-1.416821964E-3,-2.520134905E-3,7.643015124E-5
5.400922750E0,5.493899807E-4,2.841340844E-3,2.936931327E-3
5.410993750E0,-1.585421152E-3,-6.184377708E-3,2.388828434E-4
5.421063750E0,5.778642371E-4,-3.647717414E-3,1.386439078E-3
5.431134750E0,-4.480732605E-4,-2.352329204E-3,-1.297537237E-4
5.441204750E0,-3.697760403E-4,-2.253792481E-3,7.408335805E-4
5.451275750E0,6.675748155E-4,6.171735004E-5,-6.676763296E-4
5.461345750E0,2.231116407E-3,-1.796370139E-3,-2.036541235E-3
5.471416750E0,2.204562537E-3,-2.074791119E-4,-1.190009061E-4
5.481486750E0,1.146488823E-3,-2.824841067E-5,-5.261981860E-4
5.491557750E0,-7.680151612E-4,6.596625317E-4,1.604707912E-3
5.501627750E0,-1.595459413E-3,-3.282614751E-3,2.498464659E-3
5.511698750E0,1.501533668E-3,-1.689447090E-4,-7.746275514E-7
5.521769750E0,1.703401562E-3,2.067233436E-5,1.798989484E-3
5.531839750E0,2.077562734E-3,1.846019179E-3,2.289121039E-3
5.541910750E0,3.274920397E-3,1.857204363E-3,-7.660572883E-4
5.551980750E0,-1.843711827E-3,1.880656229E-3,4.034470767E-4
5.562051750E0,2.913442440E-4,-8.690576069E-4,7.001232589E-4
5.572121750E0,1.712940633E-3,9.529659292E-4,1.876202994E-3
5.582192750E0,-1.555823255E-3,-2.835397609E-4,-8.631243836E-4
5.592262750E0,3.507846966E-3,2.238146495E-3,-4.707481712E-4
5.602333750E0,-1.089926809E-4,-8.359402418E-4,-1.841477118E-3
5.612403750E0,1.050851773E-3,1.579371048E-3,-5.697889719E-4
5.622474750E0,7.480336353E-5,1.452071941E-3,1.796244178E-4
5.632544750E0,-3.994429484E-3,1.193294418E-3,-1.780078746E-3
5.642615750E0,-1.132329926E-3,1.725926530E-3,-1.072476851E-3
5.652685750E0,-6.107930094E-4,-1.997656189E-3,-2.161645330E-3
5.662756750E0,1.948131248E-4,-8.010978345E-4,-3.919748124E-4
5.672826750E0,9.114532731E-4,-8.482066914E-5,8.014156483E-4
5.682897750E0,2.252354287E-3,8.528783219E-4,-1.235636184E-3
5.692967750E0,2.662790474E-3,1.896368922E-3,-6.200717762E-4
5.703038750E0,-1.881627832E-3,-5.851646420E-4,-2.243260387E-4
5.713108750E0,3.097405192E-3,-8.317567408E-4,1.102402341E-3
5.723179750E0,-1.869124360E-3,-1.086887671E-3,-2.185255289E-4
5.733249750E0,-1.280130818E-3,-9.791625198E-4,-3.692677710E-4
5.743320750E0,-5.927686580E-4,4.520202056E-4,-4.188027233E-4
5.753390750E0,1.800347120E-3,1.302952645E-3,-4.364133347E-4
5.763461750E0,-1.344392076E-4,7.825709181E-4,3.844618099E-3
5.773531750E0,-2.046520822E-4,1.471893629E-3,1.103598392E-3
5.783602750E0,2.169023268E-3,-1.840812387E-3,5.288883112E-4
5.793673750E0,1.145624090E-3,1.762818079E-3,5.850182846E-3
5.803743750E0,8.153924718E-4,1.855762443E-3,7.144479081E-3
5.813814750E0,-5.424357951E-4,-9.014082607E-4,2.801035298E-3
5.823884750E0,1.022437587E-3,1.199026941E-3,1.150940778E-3
5.833955750E0,-8.909148164E-4,-5.982781295E-4,8.391020820E-4
5.844025750E0,6.593116559E-4,1.822801656E-3,5.671933759E-4
5.854096750E0,2.387170214E-3,3.732288256E-3,1.600801363E-3
5.864166750E0,4.242328461E-3,7.926234044E-3,7.070444990E-4
5.874237750E0,2.271348611E-3,6.023030728E-3,2.973337658E-3
5.884307750E0,-1.065880060E-4,3.285834100E-3,5.112388637E-3
5.894378750E0,-1.499592327E-3,-1.458395505E-3,3.451382741E-3
5.904448750E0,6.874324754E-5,-1.298339572E-3,-6.016821135E-4
5.914519750E0,2.226942219E-3,3.308209125E-4,2.424476901E-3
5.924589750E0,7.619378157E-4,5.191622302E-3,3.087870311E-3
5.934660750E0,2.047540620E-3,9.933398105E-4,3.146426985E-3
5.944730750E0,4.240653478E-3,3.240248887E-3,5.326224491E-3
5.954801750E0,3.095289692E-3,2.423370257E-3,3.012302797E-3
5.964871750E0,3.041493706E-3,2.700605430E-3,2.252236707E-3
5.974942750E0,4.335558042E-4,5.399128422E-4,1.691603335E-3
5.985013917E0,-1.397899818E-3,-1.034281682E-3,4.995787516E-3
5.995084917E0,-9.438018315E-4,-1.129450044E-3,1.937597757E-3
6.005154917E0,-2.872995567E-3,5.709281191E-3,2.909917850E-3
6.015225917E0,-1.477160025E-3,-3.114580177E-4,4.112550989E-3
6.025296917E0,2.789283171E-4,1.505616819E-3,-1.152171753E-4
6.035366917E0,-1.253413502E-3,1.910281368E-3,-1.237084158E-3
6.045437917E0,2.120278310E-3,3.498324193E-3,-1.262796577E-4
6.055507917E0,1.881017815E-3,2.954614814E-3,-2.309681382E-3
6.065578917E0,1.288731117E-3,4.786739592E-4,-2.041501459E-3
6.075648917E0,4.968313966E-3,4.086312372E-3,-7.814331912E-4
6.085719917E0,8.487561718E-5,1.554445014E-3,-5.052078515E-3
6.095789917E0,3.071054816E-3,5.277746357E-3,-4.706353880E-3
6.105860917E0,2.600740641E-3,6.745946594E-3,-9.243847802E-3
6.115930917E0,2.073775977E-5,2.374663251E-3,-2.022916637E-2
6.126001917E0,-1.135362312E-2,-2.889244445E-2,-1.958761178E-2
6.136071917E0,-1.034338027E-3,-1.046973374E-2,-5.162300076E-4
6.146142917E0,-2.323840745E-3,-4.089864902E-3,2.483821008E-3
6.156212917E0,-2.939768368E-3,-7.049255073E-3,1.303381752E-3
6.166283917E0,9.170779958E-5,1.721599139E-3,7.219061255E-3
6.176353917E0,1.411430538E-3,6.319385953E-3,7.589790970E-3
6.186424917E0,2.413578331E-3,1.173305977E-2,1.122873370E-2
6.196495917E0,3.224345855E-3,1.515419502E-2,1.369355153E-2
6.206565917E0,4.858727567E-3,9.872081690E-3,3.463584930E-2
6.216636917E0,8.490713313E-3,2.109090053E-2,7.753314078E-2
6.226706917E0,9.742930532E-3,2.216122486E-2,6.389535964E-2
6.236777917E0,8.022225462E-3,1.885160245E-2,6.510904431E-2
6.246847917E0,8.582554758E-3,1.699191704E-2,9.961908311E-2
6.256918917E0,-6.878608838E-4,1.033768058E-5,8.638138324E-2
6.266988917E0,2.387291286E-3,6.338541396E-3,1.309072971E-1
6.277059917E0,-4.907917231E-3,-2.879146719E-3,1.476847976E-1
6.287129917E0,-1.353868935E-2,-2.650831081E-2,-2.278067870E-3